"Address A","Port A","Address B","Port B","Packets","Bytes","Packets A → B","Bytes A → B","Packets B → A","Bytes B → A","Rel Start","Duration","Bits/s A → B","Bits/s B → A"
"192.168.7.176",53628,"172.26.211.223",6001,28,2077,19,1449,9,628,300.729948315,42.609982898,272.04892402207696,117.90664201923003
"192.168.7.176",53630,"172.26.211.223",6001,255,253267,174,246831,81,6436,301.050933426,39.26568831200001,50289.40239910494,1311.2720599950549
